epoch,time,train/box_loss,train/seg_loss,train/cls_loss,train/dfl_loss,train/sem_loss,metrics/precision(B),metrics/recall(B),metrics/mAP50(B),metrics/mAP50-95(B),metrics/precision(M),metrics/recall(M),metrics/mAP50(M),metrics/mAP50-95(M),val/box_loss,val/seg_loss,val/cls_loss,val/dfl_loss,val/sem_loss,lr/pg0,lr/pg1,lr/pg2,lr/pg3,lr/pg4,lr/pg5,lr/pg6,lr/pg7
1,2653.62,0.58341,0.94949,3.70072,0.00488,1.66136,0.54257,0.20225,0.21637,0.20279,0.54165,0.20303,0.21637,0.20209,0.42793,0.67104,2.67778,0.00588,0,0.00999819,0.00333273,0.00999819,0.00333273,0.00999819,0.00333273,0.00999819,0.00333273
2,4614.1,0.59525,0.76055,2.18751,0.00505,0.09208,0.50561,0.27704,0.31426,0.2907,0.50533,0.2774,0.31516,0.29172,0.44041,0.64563,1.94793,0.00614,0,0.0196022,0.00653407,0.0196022,0.00653407,0.0196022,0.00653407,0.0196022,0.00653407
3,6474.49,0.65503,0.76652,1.70939,0.00564,0.07632,0.56011,0.30823,0.3487,0.3148,0.55994,0.30875,0.34999,0.31814,0.48098,0.66525,1.44976,0.00681,0,0.0288103,0.00960342,0.0288103,0.00960342,0.0288103,0.00960342,0.0288103,0.00960342
4,8324.58,0.66293,0.76912,1.29466,0.0058,0.06651,0.65827,0.31803,0.3721,0.33911,0.65883,0.31832,0.37354,0.34049,0.46408,0.65206,0.9248,0.00669,0,0.028218,0.009406,0.028218,0.009406,0.028218,0.009406,0.028218,0.009406
5,10177.1,0.6337,0.74745,1.04019,0.00552,0.05773,0.70053,0.34576,0.3952,0.36085,0.70227,0.3468,0.39695,0.3632,0.44281,0.63008,0.76107,0.00637,0,0.027624,0.009208,0.027624,0.009208,0.027624,0.009208,0.027624,0.009208
6,12031.6,0.60638,0.71989,0.93443,0.00529,0.05264,0.74159,0.35163,0.41001,0.37367,0.74223,0.35221,0.41088,0.37213,0.4358,0.62941,0.71578,0.00623,0,0.02703,0.00901,0.02703,0.00901,0.02703,0.00901,0.02703,0.00901
7,13884.6,0.58781,0.70842,0.86175,0.00511,0.04876,0.71953,0.38388,0.43712,0.39813,0.72458,0.38484,0.43954,0.39858,0.42069,0.60455,0.69962,0.00601,0,0.026436,0.008812,0.026436,0.008812,0.026436,0.008812,0.026436,0.008812
8,15739.4,0.57668,0.70201,0.82597,0.00499,0.04637,0.74772,0.38737,0.45196,0.41057,0.74878,0.38925,0.45495,0.41059,0.41566,0.59478,0.64008,0.00593,0,0.025842,0.008614,0.025842,0.008614,0.025842,0.008614,0.025842,0.008614
9,17592.4,0.56452,0.69013,0.80122,0.0049,0.04455,0.74261,0.39215,0.45608,0.417,0.74266,0.39252,0.45624,0.41548,0.40319,0.58241,0.64402,0.00573,0,0.025248,0.008416,0.025248,0.008416,0.025248,0.008416,0.025248,0.008416
10,19446,0.55238,0.67139,0.76408,0.00479,0.0422,0.72592,0.41867,0.48038,0.43722,0.72658,0.41921,0.48366,0.43657,0.39873,0.58302,0.61092,0.00565,0,0.024654,0.008218,0.024654,0.008218,0.024654,0.008218,0.024654,0.008218
11,21298.6,0.54113,0.66963,0.74476,0.00467,0.04091,0.75297,0.42307,0.47693,0.43585,0.75488,0.42335,0.47847,0.43499,0.38999,0.57226,0.60168,0.0055,0,0.02406,0.00802,0.02406,0.00802,0.02406,0.00802,0.02406,0.00802
12,23152.5,0.53643,0.66741,0.72655,0.0046,0.03963,0.74175,0.43278,0.48679,0.44537,0.74239,0.4361,0.48998,0.44533,0.38524,0.56653,0.56612,0.00544,0,0.023466,0.007822,0.023466,0.007822,0.023466,0.007822,0.023466,0.007822
13,25019.3,0.53246,0.65307,0.70834,0.0046,0.03876,0.70432,0.45048,0.49174,0.45003,0.70508,0.45015,0.49279,0.4474,0.3808,0.56166,0.5624,0.00536,0,0.022872,0.007624,0.022872,0.007624,0.022872,0.007624,0.022872,0.007624
14,27081.8,0.52538,0.64269,0.68168,0.00448,0.03765,0.8314,0.41904,0.49983,0.45882,0.83169,0.41929,0.50112,0.45731,0.37421,0.55628,0.54613,0.00528,0,0.022278,0.007426,0.022278,0.007426,0.022278,0.007426,0.022278,0.007426
15,2536.56,0.52026,0.64061,0.67467,0.00442,0.03694,0.7334,0.47052,0.51222,0.46841,0.73393,0.47157,0.51393,0.46708,0.37003,0.55067,0.54309,0.00521,0,0.021684,0.007228,0.021684,0.007228,0.021684,0.007228,0.021684,0.007228
16,4831.89,0.51166,0.63141,0.66088,0.00438,0.03615,0.78283,0.45822,0.50844,0.46531,0.77942,0.4591,0.50872,0.46499,0.36722,0.54866,0.53729,0.00516,0,0.02109,0.00703,0.02109,0.00703,0.02109,0.00703,0.02109,0.00703
17,6728.34,0.5105,0.62677,0.6525,0.00435,0.03544,0.75744,0.46683,0.51737,0.47418,0.75883,0.46876,0.51875,0.47162,0.35961,0.54485,0.52749,0.00504,0,0.020496,0.006832,0.020496,0.006832,0.020496,0.006832,0.020496,0.006832
18,8598.41,0.50193,0.62229,0.64517,0.00428,0.03498,0.74432,0.47437,0.51903,0.47477,0.74481,0.47402,0.52019,0.47284,0.35618,0.54154,0.52055,0.00497,0,0.019902,0.006634,0.019902,0.006634,0.019902,0.006634,0.019902,0.006634
19,10476.2,0.49947,0.62181,0.62885,0.00423,0.03455,0.73681,0.48106,0.52264,0.47909,0.74821,0.4747,0.52203,0.47689,0.35359,0.53398,0.51619,0.00493,0,0.019308,0.006436,0.019308,0.006436,0.019308,0.006436,0.019308,0.006436
20,12344,0.49195,0.60893,0.61778,0.00415,0.03418,0.73803,0.48456,0.52816,0.48224,0.73938,0.48591,0.5307,0.48181,0.35392,0.53443,0.50385,0.00494,0,0.018714,0.006238,0.018714,0.006238,0.018714,0.006238,0.018714,0.006238
21,14214.4,0.48762,0.60767,0.60828,0.00411,0.03355,0.73205,0.49283,0.53488,0.488,0.74206,0.49179,0.53581,0.48639,0.34754,0.53237,0.50058,0.00484,0,0.01812,0.00604,0.01812,0.00604,0.01812,0.00604,0.01812,0.00604
22,16078.9,0.4866,0.60928,0.60067,0.00411,0.03331,0.74663,0.49822,0.53626,0.49228,0.7464,0.49783,0.53618,0.48957,0.3455,0.53085,0.49191,0.00481,0,0.017526,0.005842,0.017526,0.005842,0.017526,0.005842,0.017526,0.005842
23,17954.1,0.4816,0.60336,0.59929,0.00405,0.03335,0.73355,0.50396,0.53883,0.49304,0.73319,0.5034,0.53909,0.49086,0.34087,0.53129,0.48636,0.00471,0,0.016932,0.005644,0.016932,0.005644,0.016932,0.005644,0.016932,0.005644
24,19819.7,0.47434,0.59066,0.58038,0.00399,0.03218,0.72132,0.49706,0.53376,0.48885,0.71856,0.49763,0.53598,0.48813,0.34081,0.52885,0.48487,0.00471,0,0.016338,0.005446,0.016338,0.005446,0.016338,0.005446,0.016338,0.005446
25,21690.1,0.46949,0.59219,0.57774,0.00394,0.03197,0.76514,0.49696,0.53923,0.49437,0.76488,0.49673,0.54015,0.49279,0.34044,0.52577,0.47644,0.00471,0,0.015744,0.005248,0.015744,0.005248,0.015744,0.005248,0.015744,0.005248
26,23563.6,0.46948,0.59268,0.57037,0.00392,0.0316,0.74696,0.50441,0.54843,0.50373,0.75143,0.50412,0.54959,0.50111,0.33897,0.52371,0.47423,0.0047,0,0.01515,0.00505,0.01515,0.00505,0.01515,0.00505,0.01515,0.00505
27,25437.4,0.46574,0.58327,0.56314,0.00391,0.03131,0.73208,0.5072,0.54112,0.49739,0.74047,0.50718,0.54168,0.49467,0.3348,0.52182,0.47385,0.0046,0,0.014556,0.004852,0.014556,0.004852,0.014556,0.004852,0.014556,0.004852
28,27311,0.45672,0.57765,0.5488,0.00379,0.03077,0.72536,0.5107,0.54194,0.49783,0.73248,0.50723,0.54314,0.4941,0.33607,0.52025,0.46869,0.00464,0,0.013962,0.004654,0.013962,0.004654,0.013962,0.004654,0.013962,0.004654
29,29398.8,0.45747,0.58692,0.55435,0.0038,0.03096,0.76459,0.50097,0.54433,0.49904,0.76452,0.50075,0.54605,0.49646,0.33392,0.51855,0.46266,0.0046,0,0.013368,0.004456,0.013368,0.004456,0.013368,0.004456,0.013368,0.004456
30,2677.25,0.44742,0.56897,0.53015,0.00369,0.02999,0.71657,0.52407,0.54914,0.50348,0.71633,0.52366,0.5501,0.50071,0.33315,0.51768,0.46087,0.00459,0,0.012774,0.004258,0.012774,0.004258,0.012774,0.004258,0.012774,0.004258
31,4890.11,0.44098,0.56345,0.52465,0.00367,0.02967,0.71811,0.52388,0.55104,0.50767,0.72339,0.52228,0.54931,0.50396,0.33174,0.51552,0.46228,0.00458,0,0.01218,0.00406,0.01218,0.00406,0.01218,0.00406,0.01218,0.00406
32,6959.37,0.44005,0.56306,0.52157,0.00364,0.02932,0.72735,0.52089,0.55058,0.50634,0.7263,0.52069,0.54982,0.50391,0.33125,0.51671,0.46116,0.00457,0,0.011586,0.003862,0.011586,0.003862,0.011586,0.003862,0.011586,0.003862
33,8957.38,0.43172,0.55904,0.52072,0.00359,0.02918,0.78512,0.49766,0.55321,0.51073,0.78466,0.49704,0.55297,0.50721,0.32968,0.5177,0.46103,0.00454,0,0.010992,0.003664,0.010992,0.003664,0.010992,0.003664,0.010992,0.003664
34,11124.9,0.43069,0.55949,0.50898,0.00356,0.02911,0.78273,0.49842,0.5526,0.50941,0.78275,0.49833,0.5528,0.50522,0.32918,0.51637,0.4602,0.00454,0,0.010398,0.003466,0.010398,0.003466,0.010398,0.003466,0.010398,0.003466
35,13632.2,0.42409,0.54732,0.49573,0.00349,0.02876,0.75099,0.50889,0.55073,0.50769,0.75072,0.50848,0.55037,0.50375,0.32859,0.51543,0.45863,0.00452,0,0.009804,0.003268,0.009804,0.003268,0.009804,0.003268,0.009804,0.003268
36,15756.1,0.41885,0.54808,0.49132,0.00345,0.02843,0.72567,0.51618,0.5539,0.51043,0.72538,0.51469,0.5538,0.50704,0.32785,0.5148,0.4593,0.00452,0,0.00921,0.00307,0.00921,0.00307,0.00921,0.00307,0.00921,0.00307
37,17797.7,0.41755,0.54845,0.48849,0.00344,0.02829,0.71449,0.52122,0.5524,0.50824,0.71445,0.52,0.55232,0.50581,0.32677,0.5132,0.4576,0.00449,0,0.008616,0.002872,0.008616,0.002872,0.008616,0.002872,0.008616,0.002872
38,19794.3,0.41299,0.54238,0.48442,0.00339,0.02838,0.71431,0.53198,0.55284,0.50937,0.71377,0.53134,0.55292,0.50658,0.32612,0.51295,0.45457,0.00449,0,0.008022,0.002674,0.008022,0.002674,0.008022,0.002674,0.008022,0.002674
39,21769.7,0.40389,0.53048,0.46916,0.00332,0.0276,0.71901,0.53095,0.55474,0.51,0.71858,0.53046,0.55468,0.50751,0.32528,0.51247,0.45492,0.00447,0,0.007428,0.002476,0.007428,0.002476,0.007428,0.002476,0.007428,0.002476
40,2639.39,0.39873,0.52303,0.4507,0.00324,0.02713,0.71228,0.53229,0.55413,0.50964,0.71182,0.53179,0.55411,0.50658,0.32562,0.51309,0.45557,0.00448,0,0.006834,0.002278,0.006834,0.002278,0.006834,0.002278,0.006834,0.002278
41,2423.6,0.34176,0.49255,0.38863,0.00416,0.01591,0.71437,0.52785,0.55282,0.50833,0.71392,0.5272,0.55248,0.50584,0.32541,0.51294,0.45554,0.00447,0,0.00624,0.00208,0.00624,0.00208,0.00624,0.00208,0.00624,0.00208
42,4707.28,0.33787,0.48808,0.37887,0.00407,0.01564,0.70953,0.52367,0.55189,0.50801,0.71294,0.52218,0.55146,0.50453,0.32477,0.51242,0.45608,0.00445,0,0.005646,0.001882,0.005646,0.001882,0.005646,0.001882,0.005646,0.001882
43,2440.39,0.33478,0.48482,0.37787,0.00405,0.01559,0.72941,0.5153,0.55325,0.50939,0.72905,0.51475,0.55259,0.50635,0.32571,0.51285,0.4541,0.00448,0,0.005052,0.001684,0.005052,0.001684,0.005052,0.001684,0.005052,0.001684
44,4649.26,0.33011,0.48181,0.37395,0.00394,0.01539,0.71019,0.52231,0.55474,0.51128,0.7105,0.52109,0.55411,0.50829,0.32533,0.5127,0.45582,0.00447,0,0.004458,0.001486,0.004458,0.001486,0.004458,0.001486,0.004458,0.001486
45,6774.47,0.32313,0.47497,0.3613,0.00385,0.01527,0.70965,0.52501,0.55481,0.51179,0.70983,0.52034,0.55419,0.50819,0.32513,0.5129,0.45618,0.00446,0,0.003864,0.001288,0.003864,0.001288,0.003864,0.001288,0.003864,0.001288
46,8870.31,0.31871,0.47234,0.34947,0.00378,0.01517,0.69014,0.53046,0.55167,0.50904,0.69017,0.52824,0.55114,0.50536,0.32472,0.51288,0.45613,0.00445,0,0.00327,0.00109,0.00327,0.00109,0.00327,0.00109,0.00327,0.00109
47,10974.4,0.31358,0.46853,0.34103,0.00372,0.01504,0.69111,0.53293,0.55253,0.51028,0.69099,0.53163,0.55213,0.50621,0.32426,0.51213,0.45556,0.00445,0,0.002676,0.000892,0.002676,0.000892,0.002676,0.000892,0.002676,0.000892
48,13054.8,0.30999,0.46654,0.33418,0.00365,0.01496,0.68448,0.52952,0.55465,0.5128,0.68467,0.5265,0.55447,0.50834,0.32387,0.51178,0.4553,0.00444,0,0.002082,0.000694,0.002082,0.000694,0.002082,0.000694,0.002082,0.000694
49,2504.98,0.30666,0.46321,0.3298,0.00365,0.01502,0.73087,0.51246,0.55564,0.51348,0.73035,0.51182,0.55537,0.50892,0.32376,0.51197,0.45547,0.00444,0,0.001488,0.000496,0.001488,0.000496,0.001488,0.000496,0.001488,0.000496
50,2449.29,0.30423,0.46167,0.3252,0.00361,0.01499,0.70963,0.52181,0.55516,0.51295,0.70958,0.52084,0.55492,0.50844,0.32379,0.51226,0.45578,0.00444,0,0.000894,0.000298,0.000894,0.000298,0.000894,0.000298,0.000894,0.000298
